operator_id,operator_name,operator_type,ticker,headquarters,headquarters_country,market_cap_billions,revenue_billions_2025,founded_year,total_facilities,total_sqft_millions,total_capacity_mw,countries_presence,metros_presence,business_model,specialization,hyperscaler_anchor,enterprise_focus,financial_focus,dgx_ready_certified,liquid_cooling,avg_pue,renewable_pct,stock_price_usd,forward_affo_multiple,dividend_yield_pct,website,investor_relations
eqix,Equinix,Public REIT,EQIX,"Redwood City, CA",USA,85.3,8.52,1998,270,32.0,3200,33,70,Retail Colocation + Interconnection,Network-dense interconnection hubs,False,True,True,True,True,1.47,96,816.0,21.0,2.3,https://www.equinix.com,https://investor.equinix.com
dlr,Digital Realty Trust,Public REIT,DLR,"Austin, TX",USA,52.1,5.4,2004,300,42.0,4100,26,50,Hyperscale + Wholesale Colocation,Large-scale hyperscaler campuses,True,True,False,False,True,1.32,78,167.44,22.2,3.1,https://www.digitalrealty.com,https://investor.digitalrealty.com
ntt,NTT Global Data Centers,Private (NTT subsidiary),,Tokyo,Japan,12.0,3.25,2019,160,18.0,2000,20,45,Wholesale + Managed Services,Global Tier 1 network backbone,True,True,True,False,True,1.38,72,,,,https://www.ntt.com/data-centers,
qts,QTS Realty Trust (Blackstone),Private (PE-owned),,"Overland Park, KS",USA,10.0,1.8,2003,75,7.2,3000,2,18,Hyperscale + Software Platform,"Federal government, hyperscale",True,True,False,False,True,1.29,72,,,,https://www.qtsdatacenters.com,
cyrus,CyrusOne (KKR/Blackstone),Private (PE-owned),,"Dallas, TX",USA,15.0,1.5,2001,117,7.5,1200,8,25,Hybrid Retail + Hyperscale,Enterprise + government,False,True,True,False,False,1.38,65,,,,https://www.cyrusone.com,
coresite,CoreSite (American Tower),Private (acquired),,"Denver, CO",USA,10.1,0.82,2001,30,4.5,520,1,11,Retail Colocation + Cloud Onramps,"Network-dense, cloud-native",False,True,True,True,True,1.33,81,,,,https://www.coresite.com,
irm,Iron Mountain Data Centers,Public REIT (division),IRM,"Boston, MA",USA,1.5,0.45,2017,15,1.2,180,6,8,Wholesale + Enterprise,"Secure storage, unique sites",False,True,False,False,False,1.41,55,105.0,18.5,2.5,https://www.ironmountain.com/data-centers,https://investors.ironmountain.com
stack,STACK Infrastructure,Private (IPI Partners),,"Denver, CO",USA,8.5,1.2,2015,22,5.8,3400,2,9,Hyperscale Campuses,Large builds for hyperscalers,True,False,False,False,True,1.26,88,,,,https://www.stackinfra.com,
vantage,Vantage Data Centers,Private (DigitalBridge),,"Denver, CO",USA,12.0,1.5,2010,35,8.5,2800,6,18,Hyperscale Build-to-Suit,Fast deployment (6 months),True,False,False,True,True,1.28,85,,,,https://www.vantage-dc.com,
switch,Switch (DigitalBridge),Private (acquired),,"Las Vegas, NV",USA,11.0,0.85,2000,8,5.2,1800,1,4,Mega Campus,"100% renewable, massive scale",True,True,False,True,True,1.18,100,,,,https://www.switch.com,
cologix,Cologix,Private (Stonepeak),,"Denver, CO",USA,5.5,0.72,2010,42,3.2,650,2,11,Network-Neutral Colocation,"Hyperscale edge, interconnection",False,True,False,True,True,1.35,78,,,,https://www.cologix.com,
aligned,Aligned Data Centers,Private (Macquarie),,"Dallas, TX",USA,4.5,0.55,2013,12,3.5,850,1,6,Adaptive Colocation,DeltaÂ³ cooling technology,True,True,False,True,True,1.22,82,,,,https://www.aligneddc.com,
flexential,Flexential,Private (GI Partners),,"Charlotte, NC",USA,3.8,0.65,2017,40,3.0,480,1,19,Hybrid IT + Colocation,Enterprise hybrid cloud,False,True,False,False,True,1.42,65,,,,https://www.flexential.com,
tierpoint,TierPoint,Private (Argo Infra),,"St. Louis, MO",USA,2.5,0.48,2010,40,2.2,320,1,20,Colocation + Managed Services,Mid-market enterprise,False,True,False,False,False,1.45,55,,,,https://www.tierpoint.com,
databank,DataBank,Private (DigitalBridge),,"Dallas, TX",USA,3.2,0.52,2016,65,2.8,420,1,27,Edge Colocation,"Tier 2/3 markets, edge",False,True,False,False,True,1.38,62,,,,https://www.databank.com,
gds,GDS Holdings,Public,GDS,Shanghai,China,8.5,1.65,2001,96,6.5,1200,3,22,Hyperscale + Enterprise,China + Southeast Asia,True,True,True,False,True,1.35,45,22.5,15.5,0.0,https://www.gds-services.com,https://ir.gds-services.com
globalswitch,Global Switch,Private,,London,UK,7.0,0.95,1998,13,4.8,750,5,10,Wholesale Colocation,Europe + Asia Pacific,True,True,True,False,True,1.38,70,,,,https://www.globalswitch.com,
telehouse,Telehouse (KDDI),Private (KDDI subsidiary),,Tokyo,Japan,3.5,0.65,1989,45,2.8,380,14,25,Carrier-Neutral Colocation,Telecom interconnection,False,True,True,False,False,1.48,58,,,,https://www.telehouse.net,
edgeconnex,EdgeConneX,Private (EQT),,"Herndon, VA",USA,4.0,0.58,2009,50,2.5,620,6,35,Edge Data Centers,Purpose-built edge facilities,True,True,False,False,True,1.32,75,,,,https://www.edgeconnex.com,
cyxtera,Cyxtera Technologies,Private (restructured),,"Coral Gables, FL",USA,1.8,0.42,2017,60,2.1,350,4,28,Retail Colocation,"Enterprise, bare metal cloud",False,True,False,False,False,1.52,45,,,,https://www.cyxtera.com,
coreweave,CoreWeave,Private (VC-backed),,"Roseland, NJ",USA,23.0,2.8,2017,32,4.0,1500,2,12,GPU Cloud,"AI/ML infrastructure, 250K+ GPUs",False,False,False,True,True,1.25,72,,,,https://www.coreweave.com,
lambda,Lambda Labs,Private (VC-backed),,"San Francisco, CA",USA,1.5,0.35,2012,8,0.8,180,1,5,GPU Cloud,On-demand AI training,False,False,False,True,True,1.28,65,,,,https://lambda.ai,
crusoe,Crusoe Energy,Private (VC-backed),,"Denver, CO",USA,2.8,0.42,2018,15,0.5,350,1,8,Stranded Gas + AI,Flare gas to compute,False,False,False,True,True,1.15,0,,,,https://www.crusoeenergy.com,
puredc,Pure DC,Private,,Amsterdam,Netherlands,2.0,0.28,2018,5,1.2,250,1,2,Hyperscale Build,Europe's largest standalone hyperscale,True,False,False,False,True,1.25,100,,,,https://www.puredc.com,
adaniconnex,AdaniConneX,Joint Venture,,Ahmedabad,India,3.5,0.35,2021,8,2.5,1000,1,5,Hyperscale,India's largest DC provider,True,True,False,False,True,1.35,65,,,,https://www.adaniconnex.com,
